system_id,tier,family,generated_state_count,order,depth,nonlinear,trig,expected_failure,overall_pass,benchmark_result,failure_category,failure_stage,rmse,max_abs_error,robustness_score,graph_node_count,simulink_block_count,build_time_sec,simulation_time_sec
syn_s1_d1_u0_f0,tier1_verified,legacy::linear_first_order,1,1,1,False,False,False,True,pass,,,4.2308234888418206e-12,1.1851311598753966e-11,,5,5,27.7108944170177,1.315521125041414
syn_s1_d1_u0_f1,tier1_verified,legacy::linear_dense_coupled,1,1,1,False,False,False,True,pass,,,3.84647145434705e-12,1.1940899657947313e-11,,5,5,0.8745421250350773,0.1712286249967292
syn_s1_d1_u0_f2,tier1_verified,legacy::nonlinear_polynomial,1,1,1,True,False,False,True,pass,,,1.1334106771236824e-11,3.050343311272741e-11,,11,9,0.9045557089848444,0.20021354197524488
syn_s1_d1_u0_f3,tier1_verified,legacy::nonlinear_trigonometric,1,1,1,True,True,False,True,pass,,,6.584430376525043e-12,1.889494116724677e-11,,17,11,1.464828916999977,0.09986237500561401
syn_s1_d1_u0_f4,tier1_verified,legacy::linear_mixed_order,1,2,1,False,False,False,True,pass,,,4.096625646875348e-12,1.651754427678398e-11,,10,10,0.9019372090115212,0.17377304198453203
syn_s1_d1_u0_f5,tier1_verified,legacy::nonlinear_mixed_order,1,2,1,True,True,False,True,pass,,,1.4799620748532254e-11,4.3322456733108083e-11,,16,11,1.6933015829999931,0.1695937500335276
syn_s2_d1_u0_f0,tier1_verified,legacy::linear_first_order,2,1,1,False,False,False,True,pass,,,4.538929218591408e-12,1.471936461605594e-11,,13,12,1.9193002079846337,0.2503107499796897
syn_s2_d1_u0_f1,tier1_verified,legacy::linear_dense_coupled,2,1,1,False,False,False,True,pass,,,4.7724990709274255e-12,1.4273970894151944e-11,,13,12,1.4462383749778382,0.093907542002853
syn_s2_d1_u0_f2,tier1_verified,legacy::nonlinear_polynomial,2,1,1,True,False,False,True,pass,,,1.2029083124028897e-11,3.143360571833398e-11,,20,16,1.1305237910128199,0.21457908296724781
syn_s2_d1_u0_f3,tier1_verified,legacy::nonlinear_trigonometric,2,1,1,True,True,False,True,pass,,,1.636084623632567e-10,7.039729355007296e-10,,25,20,1.2273591669509187,0.08531937503721565
syn_s2_d1_u0_f4,tier1_verified,legacy::linear_mixed_order,2,2,1,False,False,False,True,pass,,,1.872135692224446e-12,5.754556553494439e-12,,17,16,1.0680878749699332,0.24247716704849154
syn_s2_d1_u0_f5,tier1_verified,legacy::nonlinear_mixed_order,2,2,1,True,True,False,True,pass,,,4.41803382827337e-12,1.712779917895091e-11,,31,26,1.838584124983754,0.2220553329680115
syn_s3_d1_u0_f0,tier1_verified,legacy::linear_first_order,3,1,1,False,False,False,True,pass,,,4.844924060224778e-12,2.0042342785409062e-11,,18,17,2.4943184580188245,0.2671214590081945
syn_s3_d1_u0_f1,tier1_verified,legacy::linear_dense_coupled,3,1,1,False,False,False,True,pass,,,5.01205506877626e-12,1.744204780607106e-11,,18,17,2.341057042009197,0.12754208297701553
syn_s3_d1_u0_f2,tier1_verified,legacy::nonlinear_polynomial,3,1,1,True,False,False,True,pass,,,8.83950779610307e-12,2.4543506116359026e-11,,28,24,1.1630827910266817,0.21146691602189094
syn_s3_d1_u0_f3,tier1_verified,legacy::nonlinear_trigonometric,3,1,1,True,True,False,True,pass,,,1.1232581298439501e-11,2.766201157022863e-11,,34,26,1.4243417909601703,0.0805948749766685
syn_s3_d1_u0_f4,tier1_verified,legacy::linear_mixed_order,3,2,1,False,False,False,True,pass,,,3.1976336838893397e-12,1.4993249697337063e-11,,22,21,1.1710721250274219,0.2745352080091834
syn_s3_d1_u0_f5,tier1_verified,legacy::nonlinear_mixed_order,3,2,1,True,True,False,True,pass,,,1.943775246704493e-11,7.890355036010988e-11,,39,30,1.489154334005434,0.2518611659761518
syn_s4_d1_u0_f0,tier1_verified,legacy::linear_first_order,4,1,1,False,False,False,True,pass,,,4.0165186812977044e-12,1.2293902007520785e-11,,23,22,2.135383916029241,0.08543787500821054
syn_s4_d1_u0_f1,tier1_verified,legacy::linear_dense_coupled,4,1,1,False,False,False,True,pass,,,3.623098578575276e-12,1.2354638145861685e-11,,23,22,1.1138920829980634,0.2446566250291653
syn_s4_d1_u0_f2,tier1_verified,legacy::nonlinear_polynomial,4,1,1,True,False,False,True,pass,,,9.690909607740507e-12,5.001912772861772e-11,,36,32,2.265741417009849,0.18067137501202524
syn_s4_d1_u0_f3,tier1_verified,legacy::nonlinear_trigonometric,4,1,1,True,True,False,True,pass,,,2.7471136479459414e-12,1.5257219099229502e-11,,48,37,1.4068789590382949,0.19021683401660994
syn_s4_d1_u0_f4,tier1_verified,legacy::linear_mixed_order,4,2,1,False,False,False,True,pass,,,4.245362780006608e-12,1.923777803725102e-11,,27,26,2.053876959020272,0.08004562498535961
syn_s4_d1_u0_f5,tier1_verified,legacy::nonlinear_mixed_order,4,2,1,True,True,False,True,pass,,,2.4678462906023406e-12,1.627957491034948e-11,,50,42,1.6646769999642856,0.20709291700040922
syn_s5_d1_u0_f0,tier1_verified,legacy::linear_first_order,5,1,1,False,False,False,True,pass,,,4.107251302524034e-12,1.779849184702087e-11,,28,27,2.3757878750329837,0.2418276669923216
syn_s5_d1_u0_f1,tier1_verified,legacy::linear_dense_coupled,5,1,1,False,False,False,True,pass,,,4.296453504119198e-12,1.7118396977711114e-11,,28,27,2.7304225830012,0.28891379199922085
syn_s5_d1_u0_f2,tier1_verified,legacy::nonlinear_polynomial,5,1,1,True,False,False,True,pass,,,1.2012718365752637e-11,5.56767965065319e-11,,45,41,1.816660333017353,0.0957205830491148
syn_s5_d1_u0_f3,tier1_verified,legacy::nonlinear_trigonometric,5,1,1,True,True,False,True,pass,,,1.752959941544218e-11,7.470493668115807e-11,,58,53,2.021059791033622,0.21762175002368167
syn_s5_d1_u0_f4,tier1_verified,legacy::linear_mixed_order,5,2,1,False,False,False,True,pass,,,4.4115140363947885e-12,1.622103840137612e-11,,32,31,1.3930716660106555,0.30230370798381045
syn_s5_d1_u0_f5,tier1_verified,legacy::nonlinear_mixed_order,5,2,1,True,True,False,True,pass,,,8.455489609279918e-12,3.22338683522716e-11,,61,47,1.370182333048433,0.07689479202963412
syn_s6_d1_u0_f0,tier1_verified,legacy::linear_first_order,6,1,1,False,False,False,True,pass,,,4.33095894751485e-12,1.4003423420838601e-11,,33,32,1.3788754160050303,0.21238866698695347
syn_s6_d1_u0_f1,tier1_verified,legacy::linear_dense_coupled,6,1,1,False,False,False,True,pass,,,3.9250993542185585e-12,1.4208648146940561e-11,,33,32,1.784275209007319,0.2393417910207063
syn_s6_d1_u0_f2,tier1_verified,legacy::nonlinear_polynomial,6,1,1,True,False,False,True,pass,,,1.2579388461806738e-11,5.143288572817539e-11,,47,43,1.8636803749832325,0.17462220799643546
syn_s6_d1_u0_f3,tier1_verified,legacy::nonlinear_trigonometric,6,1,1,True,True,False,True,pass,,,7.264610904226284e-12,3.164410400380291e-11,,62,57,2.1989383330219425,0.09042362496256828
syn_s6_d1_u0_f4,tier1_verified,legacy::linear_mixed_order,6,2,1,False,False,False,True,pass,,,3.907181699237273e-12,1.6588133644468428e-11,,37,36,1.4625572079676203,0.2806412080535665
syn_s6_d1_u0_f5,tier1_verified,legacy::nonlinear_mixed_order,6,2,1,True,True,False,True,pass,,,3.049637836808224e-12,2.2021176548925325e-11,,68,61,2.4750250410288572,0.21672725002281368
syn_s1_d1_u1_f0,tier1_verified,legacy::linear_first_order,1,1,1,False,False,False,True,pass,,,3.5155520869290946e-12,1.147741623963583e-11,,9,7,0.8333365409635007,0.1780261659878306
syn_s1_d1_u1_f1,tier1_verified,legacy::linear_dense_coupled,1,1,1,False,False,False,True,pass,,,5.372941009501912e-12,1.221049650279582e-11,,9,7,1.1866484999773093,0.1214851249824278
syn_s1_d1_u1_f2,tier1_verified,legacy::nonlinear_polynomial,1,1,1,True,False,False,True,pass,,,3.514468301568928e-12,1.2059554743704126e-11,,13,9,1.3058214579941705,0.20397370803402737
syn_s1_d1_u1_f3,tier1_verified,legacy::nonlinear_trigonometric,1,1,1,True,True,False,True,pass,,,1.1338323545246201e-11,2.3401391935351512e-11,,20,9,0.7728929580189288,0.1802987499977462
syn_s1_d1_u1_f4,tier1_verified,legacy::linear_mixed_order,1,2,1,False,False,False,True,pass,,,2.349071003836547e-11,7.714212602039083e-11,,11,11,1.3055198329966515,0.07349691697163507
syn_s1_d1_u1_f5,tier1_verified,legacy::nonlinear_mixed_order,1,2,1,True,True,False,True,pass,,,2.497975305668605e-11,8.018963271183566e-11,,17,12,0.8791922500240617,0.17966991604771465
syn_s2_d1_u1_f0,tier1_verified,legacy::linear_first_order,2,1,1,False,False,False,True,pass,,,4.06802281767972e-12,1.5309892242854062e-11,,15,13,1.6496834169956855,0.1598339169868268
syn_s2_d1_u1_f1,tier1_verified,legacy::linear_dense_coupled,2,1,1,False,False,False,True,pass,,,5.22834737857744e-12,1.5567658273596408e-11,,15,13,1.8688588340301067,0.17679241602309048
syn_s2_d1_u1_f2,tier1_verified,legacy::nonlinear_polynomial,2,1,1,True,False,False,True,pass,,,1.3817421338464373e-11,4.287184496298835e-11,,23,17,1.8401783329900354,0.17096445802599192
syn_s2_d1_u1_f3,tier1_verified,legacy::nonlinear_trigonometric,2,1,1,True,True,False,True,pass,,,9.574158346404846e-12,2.3701138274212497e-11,,28,14,1.637872542021796,0.19648570800200105
syn_s2_d1_u1_f4,tier1_verified,legacy::linear_mixed_order,2,2,1,False,False,False,True,pass,,,6.3877018261353876e-12,1.6873447084009285e-11,,18,17,2.301386334002018,0.21570562495617196
syn_s2_d1_u1_f5,tier1_verified,legacy::nonlinear_mixed_order,2,2,1,True,True,False,True,pass,,,3.0475743851702665e-11,1.0487855028884496e-10,,32,26,1.401197624974884,0.22213195799849927
syn_s3_d1_u1_f0,tier1_verified,legacy::linear_first_order,3,1,1,False,False,False,True,pass,,,4.377348271410759e-12,2.1012941386899797e-11,,20,18,2.1112009159987792,0.19410841597709805
syn_s3_d1_u1_f1,tier1_verified,legacy::linear_dense_coupled,3,1,1,False,False,False,True,pass,,,4.521523346052134e-12,1.580382352761589e-11,,20,18,2.614527583005838,0.23001345800003037
syn_s3_d1_u1_f2,tier1_verified,legacy::nonlinear_polynomial,3,1,1,True,False,False,True,pass,,,9.14324414308688e-12,4.444761225741445e-11,,32,26,2.550975083024241,0.21845787501661107
syn_s3_d1_u1_f3,tier1_verified,legacy::nonlinear_trigonometric,3,1,1,True,True,False,True,pass,,,1.399842497533085e-11,5.468031583077959e-11,,42,29,1.5968035419937223,0.21038437500828877
syn_s3_d1_u1_f4,tier1_verified,legacy::linear_mixed_order,3,2,1,False,False,False,True,pass,,,3.887522065938346e-12,1.4949950999376682e-11,,24,23,2.1020372080383822,0.07531904097413644
syn_s3_d1_u1_f5,tier1_verified,legacy::nonlinear_mixed_order,3,2,1,True,True,False,True,pass,,,4.9091868154436987e-11,3.2448460585143835e-10,,43,29,1.580097416008357,0.0751466250512749
syn_s4_d1_u1_f0,tier1_verified,legacy::linear_first_order,4,1,1,False,False,False,True,pass,,,3.455275669271027e-12,1.2628183221341516e-11,,25,23,1.1123571249772795,0.19930575002217665
syn_s4_d1_u1_f1,tier1_verified,legacy::linear_dense_coupled,4,1,1,False,False,False,True,pass,,,4.0682971480590654e-12,1.3253363684295749e-11,,25,23,2.059720792050939,0.06231358402874321
syn_s4_d1_u1_f2,tier1_verified,legacy::nonlinear_polynomial,4,1,1,True,False,False,True,pass,,,6.640367989800488e-12,3.227158817953324e-11,,41,35,0.6826446250197478,0.06569295900408179
syn_s4_d1_u1_f3,tier1_verified,legacy::nonlinear_trigonometric,4,1,1,True,True,False,True,pass,,,1.243962105088098e-11,6.497967441898567e-11,,50,40,1.6547689579892904,0.22251812496688217
syn_s4_d1_u1_f4,tier1_verified,legacy::linear_mixed_order,4,2,1,False,False,False,True,pass,,,8.17934745346422e-12,3.915809343446597e-11,,29,28,1.720917124999687,0.17393633403116837
syn_s4_d1_u1_f5,tier1_verified,legacy::nonlinear_mixed_order,4,2,1,True,True,False,True,pass,,,1.8259448890508366e-11,1.0560441410234489e-10,,54,46,1.4294372919830494,0.07310337497619912
syn_s5_d1_u1_f0,tier1_verified,legacy::linear_first_order,5,1,1,False,False,False,True,pass,,,3.5768011567815644e-12,1.781280678514463e-11,,30,28,1.2080619999906048,0.23429583403049037
syn_s5_d1_u1_f1,tier1_verified,legacy::linear_dense_coupled,5,1,1,False,False,False,True,pass,,,4.814188377069364e-12,1.7490897619154566e-11,,30,28,1.7900292499689385,0.06204250000882894
syn_s5_d1_u1_f2,tier1_verified,legacy::nonlinear_polynomial,5,1,1,True,False,False,True,pass,,,7.8831329422782e-12,4.754585614108464e-11,,44,38,1.6377206670003943,0.23277837497880682
syn_s5_d1_u1_f3,tier1_verified,legacy::nonlinear_trigonometric,5,1,1,True,True,False,True,pass,,,1.987953223022121e-11,6.932582286012234e-11,,60,46,1.710761750000529,0.07021220802562311
syn_s5_d1_u1_f4,tier1_verified,legacy::linear_mixed_order,5,2,1,False,False,False,True,pass,,,4.089217477914581e-12,2.269276433430889e-11,,34,33,1.520909832965117,0.2786484590033069
syn_s5_d1_u1_f5,tier1_verified,legacy::nonlinear_mixed_order,5,2,1,True,True,False,True,pass,,,1.9437851032662894e-11,8.859808720007578e-11,,67,54,1.9407273330143653,0.22071925003547221
syn_s6_d1_u1_f0,tier1_verified,legacy::linear_first_order,6,1,1,False,False,False,True,pass,,,3.850348868313454e-12,1.4319857799538482e-11,,35,33,0.6094755840022117,0.07207391696283594
syn_s6_d1_u1_f1,tier1_verified,legacy::linear_dense_coupled,6,1,1,False,False,False,True,pass,,,4.365180708433511e-12,1.337004118528995e-11,,35,33,1.0106830829754472,0.07160750002367422
syn_s6_d1_u1_f2,tier1_verified,legacy::nonlinear_polynomial,6,1,1,True,False,False,True,pass,,,6.346325332265563e-12,4.2125442023532855e-11,,61,53,1.8920162079739384,0.24397920799674466
syn_s6_d1_u1_f3,tier1_verified,legacy::nonlinear_trigonometric,6,1,1,True,True,False,True,pass,,,4.748980875048033e-12,2.5992999419521823e-11,,61,45,1.1737598329782486,0.08027045801281929
syn_s6_d1_u1_f4,tier1_verified,legacy::linear_mixed_order,6,2,1,False,False,False,True,pass,,,5.1791032186950535e-12,2.6803899377814133e-11,,39,38,1.8389557500486262,0.31048470799578354
syn_s6_d1_u1_f5,tier1_verified,legacy::nonlinear_mixed_order,6,2,1,True,True,False,True,pass,,,9.319523750625755e-11,7.326983186839442e-10,,75,65,2.51188791700406,0.32072220800910145
syn_s1_d2_u0_f0,tier1_verified,legacy::linear_first_order,1,1,2,False,False,False,True,pass,,,4.231959368875358e-12,1.1956123591172485e-11,,5,5,0.9823677499662153,0.17770162498345599
syn_s1_d2_u0_f1,tier1_verified,legacy::linear_dense_coupled,1,1,2,False,False,False,True,pass,,,3.853484302797799e-12,1.1318980475127915e-11,,5,5,0.9701795830042101,0.14839079201919958
syn_s1_d2_u0_f2,tier1_verified,legacy::nonlinear_polynomial,1,1,2,True,False,False,True,pass,,,7.515047510699079e-11,1.899149726369842e-10,,11,9,1.3078028750023805,0.15163149998988956
syn_s1_d2_u0_f3,tier1_verified,legacy::nonlinear_trigonometric,1,1,2,True,True,False,True,pass,,,2.6885411685218268e-11,6.332373514439382e-11,,21,10,1.38448858296033,0.1452051670057699
syn_s1_d2_u0_f4,tier1_verified,legacy::linear_mixed_order,1,2,2,False,False,False,True,pass,,,4.697644736796053e-12,1.7506322780302952e-11,,10,10,1.3812585410196334,0.16573979100212455
syn_s1_d2_u0_f5,tier1_verified,legacy::nonlinear_mixed_order,1,2,2,True,True,False,True,pass,,,5.991734602348143e-12,2.4220805916463917e-11,,16,11,1.4231224579853006,0.1526597909978591
syn_s2_d2_u0_f0,tier1_verified,legacy::linear_first_order,2,1,2,False,False,False,True,pass,,,4.476935534713365e-12,1.3920531394262525e-11,,13,12,1.6478984580026008,0.2067974159726873
syn_s2_d2_u0_f1,tier1_verified,legacy::linear_dense_coupled,2,1,2,False,False,False,True,pass,,,4.6807767964439606e-12,1.5084086757433113e-11,,13,12,1.8912259580101818,0.14858300000196323
syn_s2_d2_u0_f2,tier1_verified,legacy::nonlinear_polynomial,2,1,2,True,False,False,True,pass,,,2.5684696669961704e-11,1.7513534372737283e-10,,20,16,0.8872329170117155,0.16825183294713497
syn_s2_d2_u0_f3,tier1_verified,legacy::nonlinear_trigonometric,2,1,2,True,True,False,True,pass,,,1.476015056086933e-11,4.13702266888194e-11,,36,28,1.5550345000228845,0.07257625000784174
syn_s2_d2_u0_f4,tier1_verified,legacy::linear_mixed_order,2,2,2,False,False,False,True,pass,,,2.1811775449857685e-12,1.2328756071600111e-11,,17,16,0.8879947080276906,0.20410641701892018
syn_s2_d2_u0_f5,tier1_verified,legacy::nonlinear_mixed_order,2,2,2,True,True,False,True,pass,,,7.674438675644308e-12,2.2100571372973832e-11,,32,25,1.6722197910421528,0.1614643749780953
syn_s3_d2_u0_f0,tier1_verified,legacy::linear_first_order,3,1,2,False,False,False,True,pass,,,4.942852380619049e-12,1.806571559015424e-11,,18,17,2.369531416974496,0.11904929199954495
syn_s3_d2_u0_f1,tier1_verified,legacy::linear_dense_coupled,3,1,2,False,False,False,True,pass,,,4.259019122705983e-12,1.346791428380456e-11,,22,21,0.7932257499778643,0.0731385420076549
syn_s3_d2_u0_f2,tier1_verified,legacy::nonlinear_polynomial,3,1,2,True,False,False,True,pass,,,6.235087113566107e-10,3.956256433568228e-09,,29,25,1.188500375021249,0.19697329099290073
syn_s3_d2_u0_f3,tier1_verified,legacy::nonlinear_trigonometric,3,1,2,True,True,False,True,pass,,,5.132217854086762e-12,1.9778761961575242e-11,,46,40,0.9868794590001926,0.07002899999497458
syn_s3_d2_u0_f4,tier1_verified,legacy::linear_mixed_order,3,2,2,False,False,False,True,pass,,,3.5957760739153687e-12,1.4970455430862728e-11,,23,23,0.9956944999867119,0.2680637500016019
syn_s3_d2_u0_f5,tier1_verified,legacy::nonlinear_mixed_order,3,2,2,True,True,False,True,pass,,,1.5988683432295862e-11,6.811781694260333e-11,,44,31,1.6291259169811383,0.23737687501125038
syn_s4_d2_u0_f0,tier1_verified,legacy::linear_first_order,4,1,2,False,False,False,True,pass,,,3.904192450299594e-12,1.2726195097734205e-11,,23,22,1.5248929579975083,0.10742337501142174
syn_s4_d2_u0_f1,tier1_verified,legacy::linear_dense_coupled,4,1,2,False,False,False,True,pass,,,3.6718587353262616e-12,1.4658899094577293e-11,,28,27,1.4901627500075847,0.15596104197902605
syn_s4_d2_u0_f2,tier1_verified,legacy::nonlinear_polynomial,4,1,2,True,False,False,True,pass,,,8.253346255014417e-12,3.8687331116449286e-11,,39,35,1.8489120840094984,0.19654145900858566
syn_s4_d2_u0_f3,tier1_verified,legacy::nonlinear_trigonometric,4,1,2,True,True,False,True,pass,,,9.8558100465187e-12,3.8100606003510507e-11,,48,37,1.5182119999662973,0.21917620801832527
syn_s4_d2_u0_f4,tier1_verified,legacy::linear_mixed_order,4,2,2,False,False,False,True,pass,,,3.3393520810539296e-12,1.8488766073687657e-11,,30,30,1.8281399590196088,0.10028020804747939
syn_s4_d2_u0_f5,tier1_verified,legacy::nonlinear_mixed_order,4,2,2,True,True,False,True,pass,,,4.955104915010818e-12,2.0234303815813703e-11,,49,44,1.5876820840057917,0.21218154102098197
syn_s5_d2_u0_f0,tier1_verified,legacy::linear_first_order,5,1,2,False,False,False,True,pass,,,4.025550271995807e-12,1.6264836699697582e-11,,28,27,2.1558070000028238,0.194061457994394
syn_s5_d2_u0_f1,tier1_verified,legacy::linear_dense_coupled,5,1,2,False,False,False,True,pass,,,4.250069309369596e-12,2.0441398573822767e-11,,34,33,2.424568999966141,0.24557441601064056
syn_s5_d2_u0_f2,tier1_verified,legacy::nonlinear_polynomial,5,1,2,True,False,False,True,pass,,,6.086484920857933e-12,3.382964741671657e-11,,47,43,2.103017750021536,0.07110545801697299
syn_s5_d2_u0_f3,tier1_verified,legacy::nonlinear_trigonometric,5,1,2,True,True,False,True,pass,,,8.339835985986855e-12,3.5280667276538225e-11,,52,42,1.1116718330304138,0.06832941703032702
syn_s5_d2_u0_f4,tier1_verified,legacy::linear_mixed_order,5,2,2,False,False,False,True,pass,,,3.848207798073301e-12,1.6012947912091846e-11,,35,35,1.4277389170019887,0.2569634160026908
syn_s5_d2_u0_f5,tier1_verified,legacy::nonlinear_mixed_order,5,2,2,True,True,False,True,pass,,,5.58775491217558e-12,2.4079668814458444e-11,,60,51,2.2988975410116836,0.26175654196413234
syn_s6_d2_u0_f0,tier1_verified,legacy::linear_first_order,6,1,2,False,False,False,True,pass,,,4.209439779954136e-12,1.41811909437628e-11,,33,32,2.102418167050928,0.2184325000271201
syn_s6_d2_u0_f1,tier1_verified,legacy::linear_dense_coupled,6,1,2,False,False,False,True,pass,,,3.938795089356667e-12,1.4350118315853422e-11,,40,39,2.4587750409846194,0.221050666004885
syn_s6_d2_u0_f2,tier1_verified,legacy::nonlinear_polynomial,6,1,2,True,False,False,True,pass,,,1.2349153362090324e-11,5.890879450909381e-11,,54,50,1.7994662919663824,0.07093645900022238
syn_s6_d2_u0_f3,tier1_verified,legacy::nonlinear_trigonometric,6,1,2,True,True,False,True,pass,,,1.0196113928861589e-11,4.531486297310039e-11,,57,41,1.361588165978901,0.07465495797805488
syn_s6_d2_u0_f4,tier1_verified,legacy::linear_mixed_order,6,2,2,False,False,False,True,pass,,,3.944681019470921e-12,2.010470956381738e-11,,42,42,1.457564874959644,0.0667197079746984
syn_s6_d2_u0_f5,tier1_verified,legacy::nonlinear_mixed_order,6,2,2,True,True,False,True,pass,,,5.7333440682245085e-12,3.106118140472347e-11,,71,58,2.159070084046107,0.2763264999957755
syn_s1_d2_u1_f0,tier1_verified,legacy::linear_first_order,1,1,2,False,False,False,True,pass,,,6.035422133403595e-12,1.2104352242747751e-11,,9,7,1.2475928330095485,0.1444297920097597
syn_s1_d2_u1_f1,tier1_verified,legacy::linear_dense_coupled,1,1,2,False,False,False,True,pass,,,3.0232082390521767e-12,1.097005819516994e-11,,9,7,0.7752382089965977,0.13378270802786574
syn_s1_d2_u1_f2,tier1_verified,legacy::nonlinear_polynomial,1,1,2,True,False,False,True,pass,,,5.758452689219391e-12,1.220186451877936e-11,,18,10,1.459514542017132,0.20539979200111702
syn_s1_d2_u1_f3,tier1_verified,legacy::nonlinear_trigonometric,1,1,2,True,True,False,True,pass,,,5.991726128654598e-12,1.2273661254003088e-11,,23,13,1.7157599580241367,0.1489300000248477
syn_s1_d2_u1_f4,tier1_verified,legacy::linear_mixed_order,1,2,2,False,False,False,True,pass,,,3.334258745984307e-11,9.739964390576006e-11,,11,11,0.8292340409825556,0.1666757910279557
syn_s1_d2_u1_f5,tier1_verified,legacy::nonlinear_mixed_order,1,2,2,True,True,False,True,pass,,,8.66182066954108e-11,4.3290382389926663e-10,,20,17,0.9235855000442825,0.17131337500177324
syn_s2_d2_u1_f0,tier1_verified,legacy::linear_first_order,2,1,2,False,False,False,True,pass,,,4.9921113167827225e-12,1.5649467832723474e-11,,15,13,1.7112344169872813,0.1989648339804262
syn_s2_d2_u1_f1,tier1_verified,legacy::linear_dense_coupled,2,1,2,False,False,False,True,pass,,,4.058351040070271e-12,1.4094940492537233e-11,,15,13,0.79762554197805,0.12631479202536866
syn_s2_d2_u1_f2,tier1_verified,legacy::nonlinear_polynomial,2,1,2,True,False,False,True,pass,,,4.813972329447681e-12,2.3247855029939757e-11,,29,23,1.0966565409908071,0.12493870797334239
syn_s2_d2_u1_f3,tier1_verified,legacy::nonlinear_trigonometric,2,1,2,True,True,False,True,pass,,,5.7704885706664056e-11,4.629394645405682e-10,,40,32,1.853432125004474,0.1586297499598004
syn_s2_d2_u1_f4,tier1_verified,legacy::linear_mixed_order,2,2,2,False,False,False,True,pass,,,8.863071698665491e-12,2.8562124887443474e-11,,18,17,1.7101292500155978,0.06365987501339987
syn_s2_d2_u1_f5,tier1_verified,legacy::nonlinear_mixed_order,2,2,2,True,True,False,True,pass,,,4.67359841159353e-11,2.61466071016514e-10,,34,23,1.6578070420073345,0.1686516249901615
syn_s3_d2_u1_f0,tier1_verified,legacy::linear_first_order,3,1,2,False,False,False,True,pass,,,6.1988203277371594e-12,1.8451580541256618e-11,,20,18,0.975733874947764,0.1900291670463048
syn_s3_d2_u1_f1,tier1_verified,legacy::linear_dense_coupled,3,1,2,False,False,False,True,pass,,,3.596028278951237e-12,1.4335525821973505e-11,,24,22,2.2586986249662004,0.08198983303736895
syn_s3_d2_u1_f2,tier1_verified,legacy::nonlinear_polynomial,3,1,2,True,False,False,True,pass,,,2.6025044229340336e-12,1.5987836055053606e-11,,38,30,1.3720435420400463,0.21564066701103002
syn_s3_d2_u1_f3,tier1_verified,legacy::nonlinear_trigonometric,3,1,2,True,True,False,True,pass,,,3.025092121170792e-11,1.803968086022678e-10,,55,36,0.9799128749873489,0.0687159159570001
syn_s3_d2_u1_f4,tier1_verified,legacy::linear_mixed_order,3,2,2,False,False,False,True,pass,,,6.840148303213614e-12,2.0022872249114698e-11,,25,25,1.268445249996148,0.19179529196117073
syn_s3_d2_u1_f5,tier1_verified,legacy::nonlinear_mixed_order,3,2,2,True,True,False,True,pass,,,4.684920449005803e-11,3.5313182933371934e-10,,45,37,1.5493264579563402,0.06636191700818017
syn_s4_d2_u1_f0,tier1_verified,legacy::linear_first_order,4,1,2,False,False,False,True,pass,,,4.4181495143938125e-12,1.3408205101761439e-11,,25,23,1.1104224169976078,0.17798529099673033
syn_s4_d2_u1_f1,tier1_verified,legacy::linear_dense_coupled,4,1,2,False,False,False,True,pass,,,3.2299141639889977e-12,1.6136120217780103e-11,,30,28,2.1205357909784652,0.15752704197075218
syn_s4_d2_u1_f2,tier1_verified,legacy::nonlinear_polynomial,4,1,2,True,False,False,True,pass,,,1.941803077699635e-11,9.735207084915487e-11,,41,33,2.1358914590091445,0.06638724997173995
syn_s4_d2_u1_f3,tier1_verified,legacy::nonlinear_trigonometric,4,1,2,True,True,False,True,pass,,,1.3867451450377655e-11,4.069422576691295e-11,,45,35,1.0520738750346936,0.06718391698086634
syn_s4_d2_u1_f4,tier1_verified,legacy::linear_mixed_order,4,2,2,False,False,False,True,pass,,,1.14857251532648e-11,5.8205829045476776e-11,,32,32,1.3742280839942396,0.1944419999490492
syn_s4_d2_u1_f5,tier1_verified,legacy::nonlinear_mixed_order,4,2,2,True,True,False,True,pass,,,2.973571138889535e-11,2.11174078224019e-10,,54,40,1.641871333005838,0.2587274999823421
syn_s5_d2_u1_f0,tier1_verified,legacy::linear_first_order,5,1,2,False,False,False,True,pass,,,4.588993735142404e-12,1.722558207184477e-11,,30,28,1.737305250018835,0.20442637504311278
syn_s5_d2_u1_f1,tier1_verified,legacy::linear_dense_coupled,5,1,2,False,False,False,True,pass,,,3.659615359085008e-12,1.9529086681124852e-11,,36,34,2.2545891249901615,0.07773983298102394
syn_s5_d2_u1_f2,tier1_verified,legacy::nonlinear_polynomial,5,1,2,True,False,False,True,pass,,,3.2806994443241225e-12,1.8904912357786685e-11,,48,40,1.78433379199123,0.22365087503567338
syn_s5_d2_u1_f3,tier1_verified,legacy::nonlinear_trigonometric,5,1,2,True,True,False,True,pass,,,8.118333527385544e-12,4.559330690767638e-11,,62,49,0.8596663339994848,0.06933425000170246
syn_s5_d2_u1_f4,tier1_verified,legacy::linear_mixed_order,5,2,2,False,False,False,True,pass,,,8.999246623458048e-12,3.384889590840601e-11,,37,37,1.5197891250136308,0.22326770902145654
syn_s5_d2_u1_f5,tier1_verified,legacy::nonlinear_mixed_order,5,2,2,True,True,False,True,pass,,,1.2408266881216289e-11,8.833767051186214e-11,,67,55,1.5769317919621244,0.07697066705441102
syn_s6_d2_u1_f0,tier1_verified,legacy::linear_first_order,6,1,2,False,False,False,True,pass,,,4.70751175793278e-12,1.4903654699249813e-11,,35,33,1.3696439160266891,0.24290508299600333
syn_s6_d2_u1_f1,tier1_verified,legacy::linear_dense_coupled,6,1,2,False,False,False,True,pass,,,3.3898422130851997e-12,1.587706355277163e-11,,42,40,2.0224244999699295,0.2300604580086656
syn_s6_d2_u1_f2,tier1_verified,legacy::nonlinear_polynomial,6,1,2,True,False,False,True,pass,,,4.563985476468447e-12,2.3533716642099023e-11,,54,48,2.0135145419626497,0.2299622920108959
syn_s6_d2_u1_f3,tier1_verified,legacy::nonlinear_trigonometric,6,1,2,True,True,False,True,pass,,,8.580237809794086e-12,4.879177617489461e-11,,71,53,1.9068960410077125,0.2631814169581048
syn_s6_d2_u1_f4,tier1_verified,legacy::linear_mixed_order,6,2,2,False,False,False,True,pass,,,8.066335519967245e-12,3.785416424761934e-11,,44,44,1.8935234160162508,0.22447925002779812
syn_s6_d2_u1_f5,tier1_verified,legacy::nonlinear_mixed_order,6,2,2,True,True,False,True,pass,,,8.387265884985928e-12,4.3378522995851654e-11,,70,57,1.9313622079789639,0.26840054197236896
syn_s1_d3_u0_f0,tier1_verified,legacy::linear_first_order,1,1,3,False,False,False,True,pass,,,4.2330981397272516e-12,1.167171914673304e-11,,5,5,0.9308426670031622,0.16252683399943635
syn_s1_d3_u0_f1,tier1_verified,legacy::linear_dense_coupled,1,1,3,False,False,False,True,pass,,,3.8537409923216954e-12,1.1940344546435e-11,,5,5,1.0059860000037588,0.13579650002066046
syn_s1_d3_u0_f2,tier1_verified,legacy::nonlinear_polynomial,1,1,3,True,False,False,True,pass,,,4.2513414488358366e-12,1.2234976920488805e-11,,9,6,1.0134219999890774,0.11449679097859189
syn_s1_d3_u0_f3,tier1_verified,legacy::nonlinear_trigonometric,1,1,3,True,True,False,True,pass,,,1.0591388460523082e-11,3.4968944406799096e-11,,21,13,0.8042878339765593,0.17194716702215374
syn_s1_d3_u0_f4,tier1_verified,legacy::linear_mixed_order,1,3,3,False,False,False,True,pass,,,6.129864008074764e-12,1.8989837480276606e-11,,14,14,1.781080708024092,0.22838841704651713
syn_s1_d3_u0_f5,tier1_verified,legacy::nonlinear_mixed_order,1,3,3,True,True,False,True,pass,,,7.890608957670556e-12,2.0939500133820843e-11,,18,16,1.4128933749743737,0.14446483401115984
syn_s2_d3_u0_f0,tier1_verified,legacy::linear_first_order,2,1,3,False,False,False,True,pass,,,4.414089065885563e-12,1.497177382070447e-11,,13,12,0.853619166999124,0.14773829199839383
syn_s2_d3_u0_f1,tier1_verified,legacy::linear_dense_coupled,2,1,3,False,False,False,True,pass,,,4.980428265147511e-12,1.5286119592339276e-11,,13,12,1.6537114170496352,0.1483362500439398
syn_s2_d3_u0_f2,tier1_verified,legacy::nonlinear_polynomial,2,1,3,True,False,False,True,pass,,,4.143035880178591e-12,1.9816558116669825e-11,,14,13,1.8800253329682164,0.057545874966308475
syn_s2_d3_u0_f3,tier1_verified,legacy::nonlinear_trigonometric,2,1,3,True,True,False,True,pass,,,1.3783497566538448e-11,3.552752536606363e-11,,36,30,1.3382957500289194,0.13725049997447059
syn_s2_d3_u0_f4,tier1_verified,legacy::linear_mixed_order,2,3,3,False,False,False,True,pass,,,2.2236010140541877e-12,6.788722362038868e-12,,21,20,1.884725834010169,0.13360920903505757
syn_s2_d3_u0_f5,tier1_verified,legacy::nonlinear_mixed_order,2,3,3,True,True,False,True,pass,,,1.6810635919335912e-11,6.805711549873195e-11,,33,26,0.9483448329847306,0.06125070800771937
syn_s3_d3_u0_f0,tier1_verified,legacy::linear_first_order,3,1,3,False,False,False,True,pass,,,4.8787910551723275e-12,1.6886554654593766e-11,,18,17,0.9727459159912542,0.19095608300995082
syn_s3_d3_u0_f1,tier1_verified,legacy::linear_dense_coupled,3,1,3,False,False,False,True,pass,,,4.170343668767836e-12,1.7638654425944367e-11,,22,21,2.3508121669874527,0.14255195896839723
syn_s3_d3_u0_f2,tier1_verified,legacy::nonlinear_polynomial,3,1,3,True,False,False,True,pass,,,1.3210835828065133e-11,4.705941192284513e-11,,32,27,1.3254119170014746,0.31877933302894235
syn_s3_d3_u0_f3,tier1_verified,legacy::nonlinear_trigonometric,3,1,3,True,True,False,True,pass,,,1.127157196000592e-11,6.167655275390871e-11,,50,38,1.3793953339918517,0.2023876670282334
syn_s3_d3_u0_f4,tier1_verified,legacy::linear_mixed_order,3,3,3,False,False,False,True,pass,,,2.097145526816172e-12,6.176857636486233e-12,,28,27,1.6450710829813033,0.06479016703087837
syn_s3_d3_u0_f5,tier1_verified,legacy::nonlinear_mixed_order,3,3,3,True,True,False,True,pass,,,3.8072745334558825e-12,1.8471779661410892e-11,,44,35,1.3797563329571858,0.06889320898335427
syn_s4_d3_u0_f0,tier1_verified,legacy::linear_first_order,4,1,3,False,False,False,True,pass,,,3.810810305507336e-12,1.2649485625626511e-11,,23,22,1.0610627919668332,0.17615558300167322
syn_s4_d3_u0_f1,tier1_verified,legacy::linear_dense_coupled,4,1,3,False,False,False,True,pass,,,2.9854403332089174e-12,1.254710224607436e-11,,33,31,2.1670631659799255,0.22355237504234537
syn_s4_d3_u0_f2,tier1_verified,legacy::nonlinear_polynomial,4,1,3,True,False,False,True,pass,,,8.402611272365109e-12,3.939068515812494e-11,,37,33,2.2889175419695675,0.17920041701290756
syn_s4_d3_u0_f3,tier1_verified,legacy::nonlinear_trigonometric,4,1,3,True,True,False,True,pass,,,2.2172386521322193e-11,5.599359864660869e-11,,49,38,1.875118708005175,0.2242621670011431
syn_s4_d3_u0_f4,tier1_verified,legacy::linear_mixed_order,4,3,3,False,False,False,True,pass,,,2.6034008526144227e-12,7.456937844985134e-12,,35,34,1.9544670839677565,0.07209279102971777
syn_s4_d3_u0_f5,tier1_verified,legacy::nonlinear_mixed_order,4,3,3,True,True,False,True,pass,,,4.961978328146726e-12,2.2461282833674545e-11,,54,45,1.9020829999935813,0.21544962498592213
syn_s5_d3_u0_f0,tier1_verified,legacy::linear_first_order,5,1,3,False,False,False,True,pass,,,3.938963415449517e-12,1.7358926795996155e-11,,28,27,1.6285164580331184,0.21809970797039568
syn_s5_d3_u0_f1,tier1_verified,legacy::linear_dense_coupled,5,1,3,False,False,False,True,pass,,,5.7892127966383264e-12,2.9612562402192566e-11,,40,38,2.7046885840245523,0.23050758300814778
syn_s5_d3_u0_f2,tier1_verified,legacy::nonlinear_polynomial,5,1,3,True,False,False,True,pass,,,2.3062111095706758e-11,8.860778777375344e-11,,42,38,1.834795041999314,0.06662308401428163
syn_s5_d3_u0_f3,tier1_verified,legacy::nonlinear_trigonometric,5,1,3,True,True,False,True,pass,,,6.5065200328268884e-12,2.086020245428699e-11,,54,43,1.1328366249799728,0.06733462499687448
syn_s5_d3_u0_f4,tier1_verified,legacy::linear_mixed_order,5,3,3,False,False,False,True,pass,,,4.404398443161114e-12,2.1246129855434503e-11,,43,42,1.330103957967367,0.06803616601973772
syn_s5_d3_u0_f5,tier1_verified,legacy::nonlinear_mixed_order,5,3,3,True,True,False,True,pass,,,2.6252084858108235e-12,1.1195717963818907e-11,,64,53,1.7735799999791197,0.22249783296138048
syn_s6_d3_u0_f0,tier1_verified,legacy::linear_first_order,6,1,3,False,False,False,True,pass,,,4.108528620481354e-12,1.4117526592194451e-11,,33,32,1.418296041956637,0.24490966700250283
syn_s6_d3_u0_f1,tier1_verified,legacy::linear_dense_coupled,6,1,3,False,False,False,True,pass,,,3.319541589201766e-12,1.3398650244855759e-11,,47,45,2.0488290829816833,0.08919604099355638
syn_s6_d3_u0_f2,tier1_verified,legacy::nonlinear_polynomial,6,1,3,True,False,False,True,pass,,,2.471474446800361e-11,1.3222362094111872e-10,,52,48,1.191936583025381,0.08838266704697162
syn_s6_d3_u0_f3,tier1_verified,legacy::nonlinear_trigonometric,6,1,3,True,True,False,True,pass,,,6.818088996915987e-12,3.388124503178602e-11,,65,54,1.9972599589964375,0.24915100005455315
syn_s6_d3_u0_f4,tier1_verified,legacy::linear_mixed_order,6,3,3,False,False,False,True,pass,,,2.1010115361882283e-12,7.941536317446207e-12,,49,48,2.424530040996615,0.26984941598493606
syn_s6_d3_u0_f5,tier1_verified,legacy::nonlinear_mixed_order,6,3,3,True,True,False,True,pass,,,8.83251439327038e-12,3.047076480022781e-11,,70,58,2.0991905839764513,0.24272491701412946
syn_s1_d3_u1_f0,tier1_verified,legacy::linear_first_order,1,1,3,False,False,False,True,pass,,,3.1771790428768213e-12,1.1837225644129035e-11,,9,7,1.0145716660190374,0.14535137498751283
syn_s1_d3_u1_f1,tier1_verified,legacy::linear_dense_coupled,1,1,3,False,False,False,True,pass,,,5.182738130805927e-12,1.2348580491483574e-11,,9,7,1.0462063330342062,0.24451608397066593
syn_s1_d3_u1_f2,tier1_verified,legacy::nonlinear_polynomial,1,1,3,True,False,False,True,pass,,,1.36662187108208e-11,3.800915138185701e-11,,14,10,1.388950709020719,0.15276966599049047
syn_s1_d3_u1_f3,tier1_verified,legacy::nonlinear_trigonometric,1,1,3,True,True,False,True,pass,,,3.2615790637618925e-12,9.900927300243723e-12,,24,15,1.4059094580006786,0.149774040968623
syn_s1_d3_u1_f4,tier1_verified,legacy::linear_mixed_order,1,3,3,False,False,False,True,pass,,,6.889940323021919e-11,2.7915836309233555e-10,,15,15,1.8177429159986787,0.17625308397691697
syn_s1_d3_u1_f5,tier1_verified,legacy::nonlinear_mixed_order,1,3,3,True,True,False,True,pass,,,9.678862420378731e-11,4.5557002614771136e-10,,18,15,0.8379547910299152,0.16503479203674942
syn_s2_d3_u1_f0,tier1_verified,legacy::linear_first_order,2,1,3,False,False,False,True,pass,,,3.80155941946371e-12,1.3897667738849151e-11,,15,13,1.6790577089996077,0.16105045803124085
syn_s2_d3_u1_f1,tier1_verified,legacy::linear_dense_coupled,2,1,3,False,False,False,True,pass,,,5.3444717786159e-12,1.601625776448401e-11,,15,13,1.686759542033542,0.18796541698975489
syn_s2_d3_u1_f2,tier1_verified,legacy::nonlinear_polynomial,2,1,3,True,False,False,True,pass,,,2.9794864100614965e-11,1.5280857135202552e-10,,23,17,2.3058876669965684,0.12231791694648564
syn_s2_d3_u1_f3,tier1_verified,legacy::nonlinear_trigonometric,2,1,3,True,True,False,True,pass,,,1.096300759863536e-11,2.388869657643511e-11,,39,19,1.0318054580129683,0.13863087497884408
syn_s2_d3_u1_f4,tier1_verified,legacy::linear_mixed_order,2,3,3,False,False,False,True,pass,,,9.009729351704517e-12,2.728051118339181e-11,,22,21,2.3050136659876443,0.1817788750049658
syn_s2_d3_u1_f5,tier1_verified,legacy::nonlinear_mixed_order,2,3,3,True,True,False,True,pass,,,1.0993005448313413e-11,4.1278314100168245e-11,,33,20,1.0530052910326049,0.1071120830019936
syn_s3_d3_u1_f0,tier1_verified,legacy::linear_first_order,3,1,3,False,False,False,True,pass,,,3.871732149055356e-12,1.7886692127433435e-11,,20,18,0.9335240839864127,0.21661037497688085
syn_s3_d3_u1_f1,tier1_verified,legacy::linear_dense_coupled,3,1,3,False,False,False,True,pass,,,6.5906870791275464e-12,2.006450561253814e-11,,24,22,2.269717874994967,0.20150149997789413
syn_s3_d3_u1_f2,tier1_verified,legacy::nonlinear_polynomial,3,1,3,True,False,False,True,pass,,,3.9151804742651705e-12,1.8426996040155075e-11,,43,35,2.3988156670238823,0.07158908399287611
syn_s3_d3_u1_f3,tier1_verified,legacy::nonlinear_trigonometric,3,1,3,True,True,False,True,pass,,,3.818985828162257e-12,1.7656459627701793e-11,,50,34,1.5417508750106208,0.06383608398027718
syn_s3_d3_u1_f4,tier1_verified,legacy::linear_mixed_order,3,3,3,False,False,False,True,pass,,,6.096110108056902e-12,3.011613181058692e-11,,30,29,1.4430747909937054,0.21647529199253768
syn_s3_d3_u1_f5,tier1_verified,legacy::nonlinear_mixed_order,3,3,3,True,True,False,True,pass,,,4.8159492239598664e-11,2.208510041512568e-10,,42,37,0.9496376659953967,0.06727645802311599
syn_s4_d3_u1_f0,tier1_verified,legacy::linear_first_order,4,1,3,False,False,False,True,pass,,,3.2221277747396207e-12,1.1850791181711173e-11,,25,23,1.1845805420307443,0.1762465829961002
syn_s4_d3_u1_f1,tier1_verified,legacy::linear_dense_coupled,4,1,3,False,False,False,True,pass,,,3.688278625112021e-12,1.37375666398043e-11,,35,32,2.0871538749779575,0.20680466602789238
syn_s4_d3_u1_f2,tier1_verified,legacy::nonlinear_polynomial,4,1,3,True,False,False,True,pass,,,2.0248006798965095e-11,5.7979010481545856e-11,,38,32,2.136602042010054,0.06700741697568446
syn_s4_d3_u1_f3,tier1_verified,legacy::nonlinear_trigonometric,4,1,3,True,True,False,True,pass,,,5.6098751979067964e-12,2.942199262001566e-11,,49,34,1.1992769580101594,0.06491199997253716
syn_s4_d3_u1_f4,tier1_verified,legacy::linear_mixed_order,4,3,3,False,False,False,True,pass,,,1.3433906605579684e-11,7.711831173651262e-11,,37,36,1.4695446669938974,0.3178482499788515
syn_s4_d3_u1_f5,tier1_verified,legacy::nonlinear_mixed_order,4,3,3,True,True,False,True,pass,,,3.1218290081753864e-11,2.084222794351831e-10,,56,40,0.7883987500099465,0.09897995903156698
syn_s5_d3_u1_f0,tier1_verified,legacy::linear_first_order,5,1,3,False,False,False,True,pass,,,3.2702870555791653e-12,1.710741270866123e-11,,30,28,1.2196167089859955,0.07083766697905958
syn_s5_d3_u1_f1,tier1_verified,legacy::linear_dense_coupled,5,1,3,False,False,False,True,pass,,,5.635847979080629e-12,2.2854718118026085e-11,,42,39,1.2829197500250302,0.06933258299250156
syn_s5_d3_u1_f2,tier1_verified,legacy::nonlinear_polynomial,5,1,3,True,False,False,True,pass,,,8.595733839411989e-12,4.038860912380926e-11,,47,41,1.5925950829987414,0.24300512502668425
syn_s5_d3_u1_f3,tier1_verified,legacy::nonlinear_trigonometric,5,1,3,True,True,False,True,pass,,,3.187737199636832e-11,1.2391554449209252e-10,,61,49,1.780167667020578,0.24102233297890052
syn_s5_d3_u1_f4,tier1_verified,legacy::linear_mixed_order,5,3,3,False,False,False,True,pass,,,6.013753458571118e-12,2.5373952938778643e-11,,45,44,1.7631199170136824,0.07433679199311882
syn_s5_d3_u1_f5,tier1_verified,legacy::nonlinear_mixed_order,5,3,3,True,True,False,True,pass,,,9.877042005104434e-12,3.496200551289519e-11,,60,42,0.721783041022718,0.0672064580139704
syn_s6_d3_u1_f0,tier1_verified,legacy::linear_first_order,6,1,3,False,False,False,True,pass,,,3.3811348644717204e-12,1.3015095945423383e-11,,35,33,1.3005433329963125,0.06812304095365107
syn_s6_d3_u1_f1,tier1_verified,legacy::linear_dense_coupled,6,1,3,False,False,False,True,pass,,,3.813715211877951e-12,1.2805180527042381e-11,,49,46,1.7266318330075592,0.24336004100041464
syn_s6_d3_u1_f2,tier1_verified,legacy::nonlinear_polynomial,6,1,3,True,False,False,True,pass,,,3.0111726221674822e-12,2.073489296927633e-11,,55,49,2.4163569579832256,0.20247737498721108
syn_s6_d3_u1_f3,tier1_verified,legacy::nonlinear_trigonometric,6,1,3,True,True,False,True,pass,,,1.3824665267706832e-11,9.090284081025857e-11,,75,56,1.9099269169964828,0.24188154202420264
syn_s6_d3_u1_f4,tier1_verified,legacy::linear_mixed_order,6,3,3,False,False,False,True,pass,,,5.762666887959601e-12,2.8437141530446297e-11,,51,50,2.2708123329794034,0.2901078750146553
syn_s6_d3_u1_f5,tier1_verified,legacy::nonlinear_mixed_order,6,3,3,True,True,False,True,pass,,,1.4347835825438869e-11,6.111866568403457e-11,,69,56,2.052200875012204,0.2736501249601133
struct_dense_linear_8,tier2_structural,scaled_dense_linear,8,1,4,False,False,False,True,pass,,,1.6315441024302555e-12,8.970033049671144e-12,1.0,95,88,28.27731383300852,1.4172962920274585
struct_dense_linear_8_input,tier2_structural,scaled_dense_linear,8,1,4,False,False,False,True,pass,,,9.795659543647059e-13,8.966070941252013e-12,1.0,98,89,3.0029194580274634,0.1263799580046907
struct_mixed_order_8,tier2_structural,scaled_mixed_order,8,2,5,True,True,False,True,pass,,,2.6487784521370315e-12,9.8034113243722e-12,1.0,104,95,3.151393875014037,0.3497702080057934
struct_dense_linear_10,tier2_structural,scaled_dense_linear,10,1,4,False,False,False,True,pass,,,1.5097639457255124e-12,8.961630049153513e-12,1.0,119,112,3.472678292018827,0.13044108299072832
struct_dense_linear_10_input,tier2_structural,scaled_dense_linear,10,1,4,False,False,False,True,pass,,,9.732608335589411e-13,9.657719068911774e-12,1.0,122,113,3.333795500046108,0.1480699999956414
struct_mixed_order_10,tier2_structural,scaled_mixed_order,10,2,5,True,True,False,True,pass,,,2.610264867767496e-12,1.0798836434441905e-11,1.0,126,117,3.9418228340218775,0.17985625000437722
struct_dense_linear_12,tier2_structural,scaled_dense_linear,12,1,4,False,False,False,True,pass,,,1.6637435860833843e-12,9.12351791337862e-12,1.0,143,136,4.077958500012755,0.13446441700216383
struct_dense_linear_12_input,tier2_structural,scaled_dense_linear,12,1,4,False,False,False,True,pass,,,1.067520734726924e-12,9.382949278657904e-12,1.0,146,137,3.8402572089689784,0.13137258298229426
struct_mixed_order_12,tier2_structural,scaled_mixed_order,12,2,5,True,True,False,True,pass,,,2.604485436957831e-12,1.1543370805663228e-11,1.0,148,139,3.8300994590390474,0.2565315410029143
struct_dense_nonlinear_8,tier2_structural,scaled_dense_nonlinear,8,1,5,True,True,False,True,pass,,,8.993472194415368e-12,2.8902519266793547e-11,1.0,129,122,3.097406334010884,0.11760483303805813
struct_dense_nonlinear_10,tier2_structural,scaled_dense_nonlinear,10,1,5,True,True,False,True,pass,,,8.972171446056036e-12,3.315756003097192e-11,1.0,159,152,3.351332916005049,0.12082004098920152
struct_dense_nonlinear_12,tier2_structural,scaled_dense_nonlinear,12,1,5,True,True,False,True,pass,,,8.993471269051223e-12,2.8902519266793547e-11,1.0,188,181,4.189449209021404,0.163794833002612
higher_order_3_linear,tier2_structural,higher_order_scalar,1,3,4,False,False,False,True,pass,,,5.181588009806653e-12,1.5394088781484072e-11,1.0,15,15,1.212333583040163,0.24535683303838596
higher_order_4_linear,tier2_structural,higher_order_scalar,1,4,4,False,False,False,True,pass,,,6.481385357570352e-12,1.8011238334114665e-11,1.0,19,19,1.7482520420453511,0.19027249998180196
higher_order_5_linear,tier2_structural,higher_order_scalar,1,5,4,False,False,False,True,pass,,,1.385619539628571e-12,8.475126850315817e-12,1.0,23,23,0.7911071249982342,0.09266333398409188
higher_order_4_nonlinear,tier2_structural,higher_order_scalar,1,4,4,True,True,False,True,pass,,,6.875800068981042e-12,1.939141208717743e-11,1.0,22,21,0.9138539579580538,0.08921041700523347
higher_order_coupled_pair,tier2_structural,higher_order_coupled,2,3,4,False,False,False,True,pass,,,3.202428302911479e-12,1.3761533579348395e-11,1.0,24,22,1.2270754160126671,0.26218316599261016
higher_order_nonlinear_pair,tier2_structural,higher_order_coupled,2,3,5,True,True,False,True,pass,,,6.976433065283091e-12,2.7021510029534568e-11,1.0,26,24,1.6699788749683648,0.2299157910165377
controlled_feedback_pair,tier2_structural,controlled_linear,2,1,3,False,False,False,True,pass,,,3.435195896766631e-11,5.5957578848353506e-11,1.0,15,14,2.0482648750185035,0.20817533298395574
controlled_cascade_triple,tier2_structural,controlled_linear,3,1,3,False,False,False,True,pass,,,7.331430426026775e-12,1.7064002988398386e-11,1.0,20,19,1.7975078749586828,0.24636483297217637
controlled_quad_chain,tier2_structural,controlled_linear,4,1,4,False,False,False,True,pass,,,1.697493122206909e-11,5.813766135176479e-11,1.0,24,23,2.57178916601697,0.11542954202741385
controlled_nonlinear_pair,tier2_structural,controlled_nonlinear,2,1,4,True,True,False,True,pass,,,2.019839443867874e-11,4.1902065150978274e-11,1.0,16,13,0.8114757919684052,0.1730409169686027
mass_spring_chain_4,tier2_structural,physical_mass_spring,4,2,4,False,False,False,True,pass,,,1.7939361885601356e-11,6.696323183452701e-11,1.0,39,34,1.9983127909945324,0.0898299589753151
mass_spring_chain_5_damped,tier2_structural,physical_mass_spring,5,2,4,False,False,False,True,pass,,,9.875812023461985e-12,3.7011707500894664e-11,1.0,59,54,2.199022624990903,0.3070051249815151
mass_spring_chain_6_damped,tier2_structural,physical_mass_spring,6,2,4,False,False,False,True,pass,,,8.848482343542443e-12,4.6711395168541614e-11,1.0,70,64,2.440110541996546,0.3569985830108635
rc_ladder_4,tier2_structural,physical_rc_ladder,4,1,3,False,False,False,True,pass,,,3.792158499267354e-12,1.1802170352126495e-11,1.0,26,23,1.0960580839891918,0.2484453339711763
rc_ladder_6,tier2_structural,physical_rc_ladder,6,1,3,False,False,False,True,pass,,,5.960292182504629e-12,2.146184618911917e-11,1.0,36,33,1.6148968750494532,0.09438745799707249
rlc_pair,tier2_structural,physical_rlc,2,1,3,False,False,False,True,pass,,,7.221450205779986e-12,1.63593444346688e-11,1.0,17,15,0.8399333750130609,0.081718583998736
hybrid_piecewise_cases,tier3_adversarial,hybrid_unsupported,1,1,1,True,False,True,True,expected_failure_observed,parse_failure,parse,,,,,,,
hybrid_saturation,tier3_adversarial,hybrid_unsupported,1,1,1,True,False,True,True,expected_failure_observed,parse_failure,parse,,,,,,,
hybrid_switching,tier3_adversarial,hybrid_unsupported,1,1,1,True,False,True,True,expected_failure_observed,parse_failure,parse,,,,,,,
hybrid_sign_logic,tier3_adversarial,hybrid_unsupported,1,1,1,True,False,True,True,expected_failure_observed,parse_failure,parse,,,,,,,
adversarial_dae,tier3_adversarial,symbolic_failure,2,1,2,False,False,True,True,expected_failure_observed,symbolic_failure,solve,,,,,,,
adversarial_implicit_derivative,tier3_adversarial,symbolic_failure,1,1,2,True,True,True,True,expected_failure_observed,symbolic_failure,solve,,,,,,,
adversarial_ambiguous_forcing,tier3_adversarial,symbolic_failure,1,1,1,False,False,True,True,expected_failure_observed,symbolic_failure,state_extraction,,,,,,,
adversarial_duplicate_derivative,tier3_adversarial,symbolic_failure,1,1,1,False,False,True,True,expected_failure_observed,symbolic_failure,solve,,,,,,,
adversarial_overdetermined_pair,tier3_adversarial,symbolic_failure,2,1,2,False,False,True,True,expected_failure_observed,symbolic_failure,solve,,,,,,,
adversarial_graph_fault,tier3_adversarial,graph_fault_injection,1,1,1,False,False,True,True,expected_failure_observed,graph_invalid,graph_validation,,,,9,,,
adversarial_numerical_blowup,tier3_adversarial,numerical_instability,1,1,2,True,False,True,True,expected_failure_observed,numerical_instability,ode_simulation,,,,4,,,
